,Ontime,review_score
0,Late,2.498602701443875
1,Ontime,4.208363530264384
